Node1,Node2
P06400,P29374
P06400,P21675
P06400,Q14186
P06400,Q00534
P06400,Q13547
P06400,Q01094
P06400,Q16254
P06400,P17947
P06400,Q99708
P06400,P43686
P06400,Q9Y676
P06400,P17542
P06400,Q00987
P06400,P06748
P06400,Q9UKV8
P20226,P09086
P20226,P21675
P20226,Q15544
P20226,Q15543
P20226,Q16514
P20226,P14859
P20226,P05412
P20226,P01100
P20226,Q00403
P20226,Q01094
P20226,P17947
P20226,Q12962
P22681,P46108
P22681,Q12965
P22681,P15498
P22681,P62993
P22681,P27986
P22681,P07948
P22681,P68036
P22681,P00533
P22681,P43403
P22681,P62837
P46108,Q13905
P46108,P00519
P46108,P49023
P46108,Q14185
P27986,P06213
P27986,P08069
P27986,P35568
P27986,P10827
P27986,P03372
P27986,Q12959
P06213,P35568
P06213,P29353
P31946,P04049
P31946,Q99759
P31946,P46937
P31946,P62258
P31946,P61981
P31946,P27348
P04049,P01112
P04049,P63104
P04049,Q02750
P04049,P15056
P04049,P01116
P04049,Q8IVT5
Q08999,P15172
Q08999,Q13547
Q08999,Q99708
Q08999,Q16254
P15172,P15923
Q08945,P17947
P25490,Q09472
P25490,Q00403
P25490,P08047
P25490,P01106
P25490,Q15545
Q09472,P04637
Q09472,P03372
Q09472,Q16665
Q09472,Q06945
Q09472,Q00987
Q09472,P35637
Q09472,Q92804
Q09472,Q01844
Q92793,Q9Y265
Q92793,P04637
Q92793,Q13469
Q92793,Q06945
Q92793,P62805
Q92793,O00327
P15923,P09874
P15923,P19338
P15923,P17542
P15923,O00268
P15884,P35222
P00519,Q13315
P00519,Q03135
P00519,P46109
Q13315,P15927
Q13315,P54274
Q13315,P16104
Q13315,Q15554
Q13315,Q5XUX0
Q13315,P46531
Q13315,O60934
P10415,Q9C000
P10415,Q14457
P10415,Q14643
P10415,P21796
Q15628,P19438
Q15628,Q13158
Q15628,Q13546
Q15628,Q12933
Q15628,P01375
P19438,Q13546
P19438,Q13158
P19438,P01375
P19438,P01374
P19438,Q12931
P19438,P63000
P29466,Q9C000
P09874,P04637
P09874,Q01094
P09874,P68431
P09874,P28482
P09874,P27361
Q00987,P04637
Q00987,Q9UER7
Q00987,P31749
Q00987,Q8N726
Q00987,Q93009
Q00987,P49757
P04637,Q16594
P04637,P49848
P04637,P63279
P04637,P09429
P04637,Q15648
P04637,P38398
P04637,P51587
P04637,Q12888
P04637,P06493
P04637,Q8N726
P04637,P27694
P04637,Q8WTS6
P04637,Q93009
P04637,P63165
P04637,Q9UER7
P04637,Q07817
P04637,P08047
P04637,O14980
P04637,Q05086
P04637,Q13155
P04637,O14920
P04637,Q06945
P04637,Q9Y297
P04637,P07900
P04637,Q9NPI1
P04637,Q96EB6
P04637,Q8N163
P04637,Q9NRR4
P04637,O60341
P04637,Q92769
P04637,P49757
P04637,Q8NEZ4
P04637,Q6ZW49
P04637,Q15291
P04637,P61964
P04637,Q9UBL3
P04637,Q14686
P04637,O15379
P04637,Q96J02
P04637,Q06330
P04637,P15036
P42345,P62942
P42345,Q6R327
P42345,P31749
P42345,Q8N122
P42345,Q9BVC4
P42345,Q07817
P42345,Q8WUA4
P42345,Q9Y5Q8
P42345,O75385
Q16514,Q15544
Q16514,Q12962
Q16514,P01106
Q16514,O00268
Q16514,Q16594
Q16594,P49848
Q16594,Q00403
Q16594,P61244
Q16594,Q92830
Q16594,P01106
Q16594,Q15542
Q16594,O00268
Q16594,Q12962
P21675,Q15545
P21675,Q12962
P21675,Q6P1X5
P21675,Q15542
P49848,Q12962
P49848,O00268
Q00403,P08047
Q00403,P19388
Q00403,P35269
Q00403,P19387
P08047,Q13547
P08047,Q8N726
P08047,Q15545
P08047,Q14192
Q15544,Q15543
Q15544,Q12962
Q15543,Q12962
Q12962,Q8WTS6
Q12962,Q15542
Q12962,Q15545
Q12962,Q5VWG9
Q12962,O00268
Q8NEB9,Q6ZNE5
Q8NEB9,Q14457
Q8NEB9,Q9P2Y5
Q00839,P19174
Q00839,P49450
P06239,P07900
P06239,P25445
P01112,Q13671
P01112,P15056
P01112,Q07889
Q13671,P42684
P42684,Q03135
P42768,P60953
P42768,O43516
Q13158,P25445
Q13158,O15519
Q13158,Q14790
P25445,Q13546
P25445,Q9UER7
P25445,Q14790
P25445,P12931
P25445,P07947
P25445,P19174
P25445,Q03135
P00533,Q13596
P00533,P62993
P00533,P29353
P00533,Q03135
P00533,Q13191
P00533,O14964
P00533,Q9UKV8
P00533,Q07889
P00533,P08581
Q13546,Q14790
Q13546,P01375
P51617,Q96FA3
P51617,Q9NYJ8
P09661,Q12874
P09661,Q9ULR0
P09661,Q9HCS7
Q12874,Q15459
P62993,P10721
P62993,P35568
P62993,P23458
P62993,O43561
P62993,P46527
P62993,P29353
P62993,P21802
P08069,P29353
P29353,P28482
P29353,P12931
P15056,Q02750
P15056,P46940
P46939,Q08209
Q14186,P28749
Q14186,Q15329
Q14186,Q01094
Q14186,Q16254
P11831,P35269
P11831,P28324
P35269,P13984
P35269,P19387
Q03405,P23458
Q03405,P07948
Q03405,P00749
Q13889,P19447
Q13889,P18074
Q13889,Q13888
Q13889,Q6ZYL4
P19447,P18074
P19447,P32780
P19447,Q13888
P19447,P43351
P19447,Q6ZYL4
P19447,Q92759
P19447,P19387
P05556,P17301
P05556,P46109
P05556,P06756
P05556,P08648
P10809,P07900
P06493,P24385
P06493,P24864
P06493,P61024
P06493,P14635
P06493,P20248
P06493,P24522
P06493,O95257
P06493,O75293
P06493,P50613
P06493,Q99741
P06493,P46527
P32927,P04141
P04141,P15509
P04141,Q99062
P17301,Q14192
P28749,Q13547
P28749,Q16254
P12931,P20248
P12931,P24385
P12931,P07900
P12931,Q9H5V8
P12931,P03372
P12931,P21980
P12931,P35222
P20248,P24941
P20248,P38936
P20248,P12004
P20248,P46527
P20248,P31749
P24385,P61024
P24385,P24941
P24385,P38936
P24385,Q00534
P24385,P11802
P24385,P30260
P24385,P12830
P24385,Q5XUX0
P24385,O15379
P61024,P24941
P24941,P12004
P24941,P18858
P24941,P50613
P24941,P38936
P24941,P24864
P24941,P46527
P11802,P30279
P11802,P07900
P11802,P38936
P11802,P30281
P11802,P42771
P11802,P46527
P11802,Q16543
P11802,P50613
P11802,Q92830
Q00534,P42771
Q00534,P30281
P05412,P49841
P05412,P28482
P05412,P38398
P05412,P01100
P05412,Q13330
P24588,P17252
P24588,P13861
P24588,Q08209
P23458,P40189
P23458,P17181
P23458,P14784
P17181,P48551
P17181,P01563
P17181,P01574
Q01094,P19838
Q01094,Q8N726
Q01094,Q92547
Q01094,P38398
Q01094,Q13547
Q01094,P49336
Q01094,Q86X55
Q01094,Q9Y6Q9
P19838,P34932
P19838,O00255
P19838,P41279
P19838,Q15653
P19838,P35606
P19838,Q04864
P19838,O00221
P19838,Q9Y6K9
P19838,Q00653
P19838,O00505
P19838,Q01201
P19838,Q15025
P19838,Q8NFZ5
P19838,O15111
P19838,P25963
P19838,Q04206
P19838,Q15672
P62873,P59768
P18074,P32780
P18074,Q13888
P18074,P43351
P18074,Q92759
P18074,Q6ZYL4
P32780,Q13888
P32780,P29083
P32780,Q6ZYL4
P32780,Q92759
P32780,P19387
Q13888,Q13216
Q13888,Q6ZYL4
Q13888,Q92759
Q13216,Q03468
P05067,P08138
P12830,P35222
P12830,Q9H8V3
P12830,Q9H0H5
P67870,P19784
P67870,P68400
P19174,P11362
P19174,Q03135
P19174,P21802
P08514,P05106
P05106,P06756
P35222,Q9Y265
P35222,Q9UJU2
P35222,P25054
P35222,O15169
P35222,Q9Y297
P35222,P35869
P35222,Q16531
P35222,O14746
P35222,P14618
P35222,Q96EB6
P35222,P51532
P35222,P49757
P35222,P40337
P35222,Q04206
P35869,P07900
P35869,Q16531
P07900,P04150
P07900,Q99558
P07900,O15111
P07900,O14920
P07900,Q14164
P07900,Q9Y6K9
P07900,Q99759
P07900,Q9UHD2
P07900,O43318
P04150,Q12888
P04150,Q05086
P04150,Q99801
P14784,P01589
P14784,P60568
P14784,P31785
P01589,P60568
P60568,P31785
Q04864,P34932
Q04864,Q8NFZ5
Q04864,P41279
Q04864,Q04206
Q04864,P25963
Q04864,O00221
Q04864,Q00653
Q04864,Q15653
P34932,Q04206
P34932,P25963
Q04206,O00255
Q04206,P41279
Q04206,Q15653
Q04206,Q00653
Q04206,O00221
Q04206,Q8NFZ5
Q04206,O15111
Q04206,Q13576
Q04206,Q9ULX6
Q04206,P25963
Q04206,Q01201
Q04206,Q8WTS6
P25963,Q00653
P25963,Q9UKB1
P25963,Q13616
P25963,Q15653
P25963,O95163
P25963,P33992
P25963,O15111
P25963,O14920
P25963,P33993
P25963,Q9Y6K9
P25963,P63208
P25963,P25789
P19388,P19387
P19338,P05455
P19338,P22087
P63279,Q06609
P63279,P43351
P63279,P63165
P63279,Q9Y265
Q06609,P27694
Q06609,P43351
Q06609,P51587
Q06609,Q14191
Q06609,P63165
Q06609,P54132
Q06609,Q14676
Q06609,O14980
P48551,P01563
P48551,P01574
P43351,P27694
P43351,P15927
P43351,P35244
P19784,P68400
P24864,P38936
P24864,P46527
P06702,P05109
P61244,P50539
P61244,P01106
P61244,Q9Y4A5
P61244,Q92830
P61244,O75529
P61244,O75486
P19793,P10276
P19793,P11473
P19793,Q15596
P10276,Q15596
P10276,Q05086
P10276,Q16236
P10276,Q15788
P10276,Q9Y618
P10276,O75376
P10276,P51946
P10276,O43707
P38936,P12004
P38936,Q92466
P13861,Q03135
P49841,P31749
P49841,O15169
P49841,P01106
P28482,P53004
Q02750,P53004
P14635,Q13635
P20936,Q03135
P20936,Q9NYB0
Q01081,P26368
P26368,Q07955
P26368,Q96I25
P26368,Q15637
P21926,P16070
P16070,P13612
P12004,Q8IWY9
P12004,P24522
P12004,O95257
P12004,P35249
P12004,Q15054
Q07955,P38919
P41182,Q9Y618
P41182,O75376
P41182,Q86XK2
P41182,Q13616
P41182,P63208
Q9Y618,O15379
Q9Y618,Q13227
Q9Y618,O60907
Q9Y618,Q96T58
P01375,P36941
P01375,P01374
P01375,Q12933
P01375,O75530
P01375,P63244
P01375,Q9H0F6
P01375,Q96EP0
P01375,Q9BYM8
P01374,P36941
P01374,Q06643
P36941,Q13114
P05112,P24394
P21802,P05230
P21802,P50281
P05230,P11362
P29459,P29460
P29459,Q99665
P29459,P42701
P08138,P01138
P01138,Q99523
P26992,P26441
P26441,P42702
P42702,P15018
P36894,P12643
Q13105,P03372
Q13105,Q92731
P37173,P10600
P37173,P01137
P37173,P36897
P10600,P36897
P36897,P01137
Q03135,P29474
Q03135,P48995
Q03135,P60709
P03372,Q9Y6X2
P03372,O75925
P03372,Q15596
P03372,Q05086
P03372,P29474
P03372,Q92993
P03372,Q92731
Q9Y6X2,Q92731
Q92731,O75925
P38398,Q99728
P38398,O14867
P38398,Q92547
P38398,Q13363
P38398,P01106
P38398,Q6UWZ7
P38398,Q96RL1
P38398,P51587
P38398,O75330
P38398,P63165
P38398,O14965
P38398,P17535
P38398,P11388
Q12888,P62805
Q12888,P53350
Q12888,P63165
Q12888,Q14686
Q14192,Q13683
Q14192,P26006
Q14192,P51610
P50613,P24928
P50613,Q9BWU1
P50613,O00267
Q92993,Q9Y265
Q92993,P35637
Q92993,Q01844
Q92993,Q92804
Q92993,Q96GD4
P63098,Q08209
Q08209,Q13469
Q05086,P68036
P51946,Q92759
Q13114,Q92844
Q13114,P61964
Q13114,Q9NPH3
Q12931,Q9BXM7
Q12931,O15392
Q14974,P52292
Q14974,Q16637
Q14974,P52298
Q14974,Q9BUR4
Q14974,O95149
P52292,Q15653
P52292,Q01201
P52292,P52298
Q12933,Q92844
Q12933,Q15750
Q12933,Q9UHD2
Q12933,Q99558
P62877,Q13616
P62877,Q86XK2
P62877,Q13309
P62877,P49427
P62877,Q13618
P62877,Q16531
P62877,Q92466
Q13616,Q15653
Q13616,O00221
Q13616,Q9UKB1
Q13616,Q9Y297
Q13616,Q86VP6
Q13616,Q15843
Q13616,Q86XK2
Q13616,O75586
Q13616,Q8N3Y1
Q13616,P41002
Q13616,Q13309
Q13616,Q5XUX0
Q13616,P46527
Q13547,Q16254
Q13547,Q92769
Q13547,Q9UKL0
Q13547,Q13227
Q13547,P17542
Q13547,O94776
Q13547,O60341
Q13547,O95983
Q13547,Q96ST3
Q13547,Q9UKV8
P35244,P15927
P35244,P27694
P35244,O00255
P15927,P78527
P15927,P23025
P15927,P12956
P15927,O00255
P15927,P27694
P15927,P49643
P78527,P12956
P78527,P27694
P78527,P13010
P78527,P23025
P78527,P49450
P78527,P68431
P12956,P13010
P12956,P49450
P12956,P68431
P12956,Q13426
P27694,P23025
P27694,O00255
P23025,P07992
O60566,O43684
O60566,O00203
O60566,Q12834
O60566,P30260
O60566,Q9UJX5
O60566,Q13257
O60566,Q8NG31
O43684,Q13257
O00203,Q9Y496
Q15648,O95402
Q15648,Q71SY5
Q15648,P49336
Q15648,O60885
Q15648,P24863
Q15648,Q96RN5
Q15648,Q93074
Q15648,Q9UHV7
Q15648,O75448
Q15648,Q9NVC6
Q15648,Q9Y2X0
Q15648,O60244
Q15648,Q9ULK4
P51587,P60896
P51587,O14980
Q8IWY9,O95257
Q8IWY9,P24522
P35249,O75943
Q00535,P07814
Q8N726,P06748
Q8N726,Q13330
P07992,Q92889
O00255,Q00653
O00255,P17535
O00255,Q03164
O00255,Q9UMN6
Q00653,Q01201
Q00653,P41279
Q00653,Q15653
Q00653,Q969H0
Q00653,O15111
Q00653,O14920
Q00653,Q9Y6K9
Q00653,Q8NFZ5
Q00653,O00571
Q00653,Q92896
Q00653,P78347
Q00653,Q02878
Q00653,O00221
Q00653,O15027
Q00653,Q99558
Q00653,P15036
O75771,O43543
Q92547,Q07864
Q99708,Q13363
Q99708,O75475
Q99708,P16104
Q99708,Q92878
Q99708,P49959
Q99708,O60934
Q99708,Q9UQ84
Q99708,P56545
P51532,Q01201
P51532,O14497
P51532,Q68CP9
P51532,Q86U86
P51532,Q969G3
P51532,Q12824
P51532,P11388
P51532,O14746
P78347,O15379
O15379,Q13227
O15379,P14618
O15379,P56524
O15379,P51608
Q15653,Q9Y2S0
Q15653,Q16342
Q15653,O15111
Q15653,O14920
Q15653,Q13576
Q15653,P42704
Q15653,P23508
Q15653,P46199
Q15653,Q9UJF2
Q15653,P52434
Q15653,Q9H9Y6
Q15653,O95602
Q15653,O15446
Q15653,Q9UKB1
Q15653,Q9Y6K9
Q15653,P63208
O00743,O00221
O00221,Q9UKB1
O00221,O15111
O00221,O15084
O00221,O75170
O00221,Q9UPN7
O00221,P63208
Q16543,Q99558
Q16543,O15111
Q16543,O14920
Q16543,Q14164
Q16543,Q9Y6K9
Q16543,Q99759
Q16543,O43318
Q16543,Q9UHD2
Q99759,Q04917
Q99759,P27348
Q99759,Q13163
Q99759,Q9UHV9
Q99759,Q9NUG6
Q99759,Q9BSQ5
Q01201,Q8TAQ2
Q01201,Q12824
Q01201,O96019
Q01201,Q92785
Q01201,Q9UBN7
P54278,P40692
Q8NFZ5,P41279
Q9UKB1,P63208
Q9UKB1,Q13127
O95163,Q6IA86
O15111,Q13451
O15111,O14920
O15111,Q9Y6K9
O15111,Q99558
O15111,Q15796
O15111,P84022
O15111,O14965
O15111,Q9H0F6
O14920,Q9Y6K9
O14920,Q99558
O14920,O14965
O14920,Q9UDY8
O14920,Q9H0F6
O14920,O95999
P52434,P19387
P35606,O43264
P35606,Q9P2Y5
P35606,O60341
Q9Y6K9,Q9UHD2
Q9Y6K9,Q99558
Q9Y6K9,O95999
Q9Y6K9,O14965
Q9Y6K9,O95817
Q9Y6K9,Q9H0F6
Q9Y6K9,Q9BYM8
Q9Y6K9,Q96EP0
Q969H0,P63208
Q969H0,P46531
O00571,P49450
Q02878,Q99558
Q99558,P22087
Q99558,P36578
P22087,Q9NR30
P22087,Q9Y2X3
P51787,Q9Y4K3
P51787,P62158
Q9Y4K3,Q15008
Q9Y4K3,P28074
Q9Y4K3,P35998
Q9Y4K3,P17980
Q9Y4K3,Q99460
Q9Y4K3,O00232
Q9Y4K3,Q9UNM6
Q9Y4K3,O43242
Q9Y4K3,P51665
Q9Y4K3,Q13501
Q9Y4K3,Q9NYJ8
Q9Y4K3,P61088
Q9Y4K3,P61964
Q9Y4K3,Q9NPH3
Q9Y4K3,O75385
Q92844,Q9UHD2
Q13451,Q14164
Q13451,O43318
Q13451,P08238
Q14164,Q86UP2
Q14164,Q86WV6
Q9UHD2,Q9H6S1
Q9UHD2,Q86WV6
Q9UHD2,Q8IUC6
P36578,P60866
P36578,Q9H0U6
P36578,P46777
P36578,P62753
Q04917,P46937
P27348,P62258
P27348,P61981
O14727,P55211
O15519,Q9UER7
O15519,Q14790
Q8TAQ2,Q969G3
Q8TAQ2,O14746
Q12824,P62158
Q12824,Q969G3
Q15750,O43318
Q15750,Q9NYJ8
O43318,Q9NYJ8
O43318,Q9H2X6
Q9UER7,P62805
Q9UER7,P84243
Q9UER7,P68431
Q9H9Y6,O60934
O95602,O60934
O15446,O60934
P51665,P60900
P01106,Q9Y4A5
P01106,Q92830
P01106,O75486
P01106,O75478
P01106,Q15393
P01106,Q9Y230
P01106,Q99741
P01106,Q99471
P01106,Q96L91
P01106,O95983
P01106,Q13526
Q92830,O75529
Q92830,O75486
Q15393,Q9ULR0
Q9Y230,Q9Y265
Q9Y230,P49450
Q9Y230,Q8NCD3
Q99741,P53350
Q99471,Q8N3Y1
P51531,O94906
P51531,Q07666
P51531,O14746
Q07666,P25054
P24928,O00267
P24928,Q16637
P24928,P19387
P24928,Q9UPY3
P24928,Q6P1J9
P24928,P50750
P24928,Q9NYV4
P24928,O14744
P24928,Q9H0D6
Q9BWU1,P24863
O00267,P50750
O00267,P19387
P50750,O60563
P50750,O94992
P50750,Q4G0J3
P50750,P49336
P50750,O60885
P50750,Q9NR30
P50750,Q6P1J9
P50750,Q8N7H5
Q9UBU8,Q9NV56
Q8WTS6,Q15545
Q8WTS6,P26358
Q8WTS6,P40763
Q8WTS6,Q96EB6
Q15545,O60563
Q93009,P33991
Q93009,P60484
P61077,Q13490
Q96QK1,O75436
Q96QK1,Q9UBQ0
O75436,Q9UBQ0
P63165,P29590
P63165,P19419
P63165,Q9UBT2
P63165,Q13263
P63165,Q12873
P63165,P06748
Q9UFF9,Q9NZN8
O60609,Q5T4W7
Q5U5U6,O75604
Q15459,Q9UNP9
Q6ZYL4,Q92759
Q9UKV8,P26196
Q9UKV8,Q9UPY3
Q9UKV8,Q15633
Q9UKV8,O94776
Q9UKV8,Q15910
Q9UKV8,O14980
Q9UKV8,Q08211
Q9UKV8,P11388
Q9UKV8,Q5S007
P26196,Q9NPI6
Q9UQE7,O60216
Q9UQE7,Q8WVM7
Q9UQE7,Q8N3U4
Q9UQE7,Q14683
O60216,Q8WVM7
O60216,Q8N3U4
O60216,Q14683
Q9Y294,P54198
Q9Y294,Q13112
Q9Y294,P62805
Q9Y294,P68431
Q9Y294,P84243
Q9Y294,P49736
P54198,Q9NVP2
Q9NVP2,Q13112
Q9NVP2,P68431
Q9NVP2,P84243
Q9NVP2,P49736
Q13112,P68431
P63000,Q13153
P63000,Q9Y2A7
P63000,Q8WUW1
P63000,Q7L576
P63000,Q9Y6W5
P63000,Q14155
P62837,Q15843
P62837,Q13191
P62837,Q13489
P62837,Q96EP0
P09651,P38919
Q9UJ41,Q15276
P60900,P25789
P25789,Q16665
Q9NVI1,Q9BXW9
Q9BXW9,Q8TEX9
P67775,P30153
P67775,P31749
P67775,P23528
P30153,Q14155
P30153,Q96GD4
O75376,Q13127
O75376,P56524
O15355,P67809
O15355,P08621
O15355,P61247
O15355,P09012
P08621,Q16637
P08621,O14893
P08621,P14678
P08621,P62314
P08621,P62316
P08621,P62318
P08621,P62304
P08621,P62306
P08621,P62308
Q96I25,Q15637
Q96I25,O75533
O75533,P62136
O75533,Q9Y3B4
O75533,O60306
Q9BSI4,P54274
Q9BSI4,Q96AP0
Q9BSI4,Q15554
Q9BSI4,Q9NYB0
P54274,Q9NYB0
P54274,Q96AP0
Q9BXM7,O60260
Q9NUX5,Q96AP0
Q9NUX5,Q15554
Q9NUX5,Q9NYB0
Q9NUX5,Q2NKJ3
Q9NUX5,Q9H668
Q96AP0,Q15554
Q96AP0,O14746
Q96AP0,Q9NYB0
Q6P2Q9,Q7KZF4
Q6P2Q9,O75643
Q6UWZ7,Q96RL1
Q13257,Q12834
Q13257,P30260
Q13257,Q9UJX5
Q12834,Q9UJX5
Q12834,P30260
Q9Y5N6,O43929
Q9Y5N6,O43913
Q9Y5N6,Q13416
Q9Y5N6,Q9H211
Q13416,O43929
Q13416,O43913
Q13416,Q13415
Q13416,Q9UBD5
Q13415,Q9UBD5
Q13415,O43913
Q13415,O43929
P53350,O96017
P53350,Q9H0H5
P53350,Q71F23
P53350,O14965
P53350,P54132
P53350,Q9Y297
P53350,P60484
P31749,Q14643
P31749,Q9UNE7
P31749,P10636
P31749,Q05195
P31749,Q86V81
P31749,Q12778
P31749,P26358
P31749,Q9BPZ7
P31749,Q6ZVD8
P31749,Q14457
Q15796,Q9HAU4
P84022,P17844
P84022,Q9NRR4
P84022,Q96PU5
Q16665,O43524
Q16665,P46531
Q16665,P40337
Q16665,Q9GZT9
Q16665,P27540
Q16665,P46937
O95999,Q9BXL7
O95999,Q9UDY8
O95999,Q9Y297
Q9UNE7,P10636
Q9UNE7,P11142
Q9UNE7,Q5S007
P10636,Q13501
P60842,Q53EL6
P60842,Q04637
P60842,P49450
P60842,P11940
P60842,Q99814
Q96EB6,P29474
Q96EB6,Q8N163
Q96EB6,Q12778
Q96EB6,O43463
Q96EB6,O14640
Q96EB6,P68400
Q96EB6,O14641
Q96EB6,Q03164
P46934,Q9HAU4
Q92841,Q9NQT5
Q92841,Q9NQT4
Q92841,P49450
Q92841,Q8IU60
Q92841,Q9NRR4
Q92841,Q9NPI6
P55265,Q92900
Q92900,Q9HAU5
Q92900,Q9BZI7
Q92900,O15234
Q92900,P06730
Q92900,Q09161
Q92900,P11940
Q92900,P61326
Q92900,Q9Y5S9
Q92900,P38919
O75581,O94907
O75581,O15169
O60563,O94992
O60563,P49336
O60563,O60885
O60563,Q6P1J9
O60563,Q8N7H5
O60563,Q6PD62
Q9Y676,P52815
Q9Y676,Q7Z7H8
Q9Y676,Q9BZE1
Q9Y676,Q9BRJ2
Q9Y676,P82664
Q9Y676,Q92552
Q96L91,Q9Y265
P46531,Q92585
P46531,Q06330
Q92585,Q06330
Q96RL1,Q14676
Q9Y265,P49450
Q9Y265,Q8NCD3
Q9UJU2,P11473
Q15233,Q8WXF1
Q16236,Q14145
P07910,Q12906
Q12906,P22626
Q12906,P14866
P61088,Q13404
P61088,Q96FW1
P06730,Q04637
P06730,P62753
P06730,P11940
P06730,Q09161
Q04637,P11940
O75496,Q9H211
Q9H211,O14777
Q9H211,Q9BZD4
Q13153,P60953
Q13153,P63167
Q13153,P62424
Q13153,P46776
Q13153,Q13243
Q13153,Q01130
Q13153,P60228
P60953,P46940
P60953,Q14155
P61586,P46527
P55884,O75821
P55884,Q7L2H7
P55884,O00303
P55884,O15372
P55884,Q9UBQ5
P55884,Q9Y262
P55884,P60228
O75821,Q13347
Q9BZI7,Q9HAU5
Q9BZI7,P38919
Q9BZI7,P61326
Q9BZI7,O15234
Q9BZI7,Q9H1J1
Q9HAU5,Q9H1J1
Q8IU60,Q9NPI6
Q8IU60,Q9NPJ4
Q9NPI6,Q6P2E9
Q9NPI6,Q96F86
Q9NPI6,Q9NPJ4
Q16637,P14678
Q16637,Q9UHI6
Q16637,O14893
Q16637,Q9BUR4
Q16637,O14744
Q16637,Q9H0D6
P14678,Q8WXD5
Q15831,Q9Y376
Q15831,Q7RTN6
Q9Y376,Q7RTN6
P25205,P49736
P25205,P68431
P49736,P62805
P49736,P68431
P49736,Q14566
P49736,P49450
P49736,Q8NCD3
Q92769,P17542
Q92769,Q15022
Q92769,Q13127
O14497,P11388
P11940,Q09161
Q9NRR4,Q8WYQ5
Q9NRR4,Q15797
Q9NRR4,P17844
P54132,Q9H9A7
P54132,Q9UQ84
P54132,P42677
Q9H9A7,Q13472
Q07817,Q9C000
Q07817,P21796
Q07817,O00429
Q07817,Q14790
P13569,O14745
P13010,P49450
P13010,P68431
Q9UPY3,Q15633
Q9UPY3,O14980
O60934,Q14676
O60934,P49959
O60934,Q15554
O60934,Q13428
Q14676,P16104
P16104,P49959
P16104,Q92878
P16104,Q9UIG0
P16104,O00213
Q14790,P10451
P06241,Q9H5V8
Q15910,Q15022
Q15910,O14980
Q15910,O75530
P38919,P61326
P38919,Q9Y5S9
P38919,O15234
P38919,Q16629
P38919,Q9HCG8
P61326,Q9Y5S9
P61326,O15234
P61326,Q9BRP8
Q9Y5S9,O15234
P07947,Q9H5V8
P49959,Q15554
P49959,Q92878
P17612,P31323
Q15554,Q9NYB0
Q15554,Q92878
P43246,P52701
P52298,Q09161
O43463,Q9H9B1
O43463,Q96KQ7
O43463,Q15047
O43463,Q14191
Q9UBT2,Q9UBE0
Q969G3,Q96GM5
Q969G3,O14746
P06756,P18564
O00268,Q15542
Q01196,Q13951
Q01196,P17542
Q13951,Q93034
Q13951,Q15369
P40337,Q13617
P40337,Q15369
P40337,Q15370
P40337,P14866
O14965,Q9Y297
O14965,Q9NQS7
O14965,O15392
O14965,O75330
O14965,Q96R06
P49917,Q13426
Q13426,Q9H9Q4
P63208,Q8N3Y1
P63208,Q9UKT8
P63208,Q9Y297
P63208,Q86XK2
P63208,Q13309
P63208,Q13503
P63208,Q9UKT7
P63208,P41002
P63208,Q5XUX0
Q8N3Y1,P40227
Q8N3Y1,P61758
Q8N3Y1,Q9H0W5
Q8N3Y1,O75147
Q8N3Y1,Q14999
Q8N3Y1,Q13617
Q8N3Y1,Q99832
Q8N3Y1,P78371
Q8N3Y1,P49368
P24863,P49336
P24863,Q9BTT4
P49336,O95402
P49336,Q96RN5
P49336,Q71SY5
P49336,Q93074
P49336,Q9UHV7
P49336,Q9ULK4
P49336,Q9Y2X0
P49336,O75448
P49336,Q9NVC6
P49336,O60885
P49336,O60244
Q92466,Q16531
Q92466,Q13619
Q16531,Q13620
Q16531,Q13619
Q16531,Q9H9F9
Q16531,Q9ULG1
Q16531,Q96SW2
Q13501,O75385
Q13501,P42858
O15392,Q96GD4
O15392,Q53HL2
Q96GD4,Q9NQS7
Q96GD4,Q53HL2
Q96GD4,Q15003
Q15019,Q16181
Q9HAU4,O15105
Q9HAU4,Q15797
Q9Y2A7,Q7L576
Q9Y2A7,Q9Y6W5
Q7L576,Q9Y6W5
Q9UKL0,O60341
Q9UKL0,P17542
Q9UKL0,Q13127
Q9UKL0,Q96BD5
O60341,P17542
O60341,P68431
O60341,P40763
O60341,Q96BD5
O60341,Q96KQ7
O60341,Q9H0D6
O60341,O95782
O60341,Q08211
O60341,P23246
O60341,O95347
O60341,P84103
Q53HL2,Q9NQS7
Q53HL2,Q562F6
Q8N3U4,Q14683
Q99801,P11387
Q99801,Q96KQ7
Q99801,Q9H9B1
Q99801,P30876
Q99801,Q99496
Q99801,Q15717
P62158,Q9UQM7
P62158,Q13557
Q9BSQ5,O00522
P17542,Q86U70
P17542,Q14839
P17542,Q12873
P17542,Q16576
Q9UHI6,Q9BUR4
Q13094,Q08881
Q13094,O15117
Q9Y297,Q13127
Q9Y297,P49757
Q96P20,Q9ULZ3
Q96FW1,Q13404
Q12879,P78352
Q12879,Q07954
P78352,Q07954
P60228,Q9Y262
P60228,Q9UBQ5
P60228,O15371
P60228,Q99613
P60228,Q14152
P60228,O15372
P60228,O00303
P60228,Q7L2H7
P60228,O75822
Q9Y262,Q9UBQ5
Q9Y262,Q14152
Q9Y262,Q7L2H7
Q9Y262,Q99613
Q9Y262,O00303
Q9Y262,O15372
Q9Y262,O75822
Q9Y262,O15371
O15169,O14641
P29474,P60709
P29474,Q05193
Q8WXD5,P62316
Q8WXD5,P62318
Q8WXD5,P62304
Q8WXD5,Q9H840
Q8WXD5,P62314
Q8WXD5,P62306
Q8WXD5,P62308
P62318,P84090
P13984,P19387
Q96B97,Q13191
Q13191,Q9BXL7
Q13905,P62834
P46937,Q4VCS5
P46937,O15105
P46937,P62258
P46937,Q13131
P46937,Q8IY63
P46937,Q9Y2J4
P46937,P62136
P46937,P54619
O43502,O43542
O14744,P62805
O14744,P19387
O14744,Q9Y6K1
O14744,Q9BQA1
P62805,Q16576
P62805,O14929
P62805,P68431
P62805,P49450
P62805,Q99873
P62805,P84243
P62805,O60885
Q96FA3,Q9NWZ3
P30622,Q14203
P30622,Q71U36
P30622,P07437
P30622,Q9H4B7
P06748,P49450
P06748,P68431
P06748,Q8NCD3
Q14203,O95219
Q15003,O95347
O95347,P0C0S5
Q8TEW0,O15144
Q8TEW0,P42858
Q86VP6,Q13620
P35226,Q9HC52
P35226,Q99496
P35226,Q9HCE1
P35226,P78364
Q9HC52,Q99496
Q9HC52,P68431
Q9HC52,P84243
Q9HC52,Q9HCE1
Q9HC52,P42568
Q99496,Q14781
Q99496,O00257
Q99496,Q8N488
Q99496,Q8IY57
Q99496,Q9HCE1
Q99496,Q13127
Q14457,Q99570
Q14457,Q6ZNE5
Q14457,Q9P2Y5
Q14457,P08670
O14980,O95149
O14980,Q08211
O14980,O94776
O14980,P11388
Q13617,P55072
Q9NZN8,O75175
Q9NZN8,A5YKK6
Q9NZN8,Q9ULM6
Q9NZN8,Q9H9A5
Q9NZN8,Q92600
Q9NZN8,Q9UIV1
A5YKK6,Q96LI5
P56524,P61981
P61981,P62258
P61964,Q15291
P61964,Q14686
P61964,Q03164
P61964,Q9UMN6
P61964,Q9C005
Q15291,Q9UBL3
Q15291,Q14686
Q15291,Q6P1J9
Q15291,Q9UMN6
Q15291,Q9C005
Q15291,Q8NEZ4
Q13619,P55072
Q13619,Q96SW2
P30260,Q9UJX6
P30260,Q13042
P30260,Q9UJX5
P30260,Q96FF9
P55072,Q92890
P55072,Q96CS3
P55072,Q9UKV5
Q9NVC6,Q9BTT4
Q9NVC6,P19387
Q9BTT4,Q93074
Q9BTT4,O75448
Q9BTT4,Q9H944
Q9BTT4,O95402
Q03164,Q9UBL3
Q03164,Q13309
Q03164,O15516
Q9UBL3,O14686
Q9UBL3,Q14686
Q9UBL3,Q6P1J9
Q9UBL3,Q9UMN6
Q9UBL3,Q9C005
Q9UBL3,Q8NEZ4
Q9UBL3,O15047
Q9UBL3,Q9UPS6
P68431,Q13111
P68431,Q14781
P68431,O00257
P68431,Q09028
P68431,O14929
P68431,Q16576
P68431,P49321
Q13111,P84243
Q14683,Q9NTI5
Q14683,Q29RF7
Q14683,Q96FF9
Q15370,Q15369
Q15370,Q93034
Q15369,Q93034
Q8N122,Q9BVC4
Q8N122,Q8WUA4
Q8N122,O75385
Q9UJX6,Q9UJX5
Q13042,Q9UJX5
O43264,Q9H900
O43264,P50748
O43264,Q9P2Y5
Q9H900,P50748
Q99814,P27540
Q16576,Q15022
Q16576,P49450
Q16576,Q8NCD3
P50402,P60709
P60709,P07737
P60709,Q14686
P53004,P27361
Q9Y6Q9,Q86X55
O75943,P35250
O75943,P40938
O75943,P40937
Q96CS3,Q9UBV2
Q13227,O60907
Q96KQ7,Q9UBC3
Q96KQ7,Q9H9B1
Q96KQ7,Q15047
Q96KQ7,Q13127
Q7L2H7,O00303
Q7L2H7,O15372
Q7L2H7,Q14152
Q7L2H7,Q99613
Q7L2H7,Q9UBQ5
Q7L2H7,O75822
Q7L2H7,O15371
O00303,O15372
O00303,Q14152
O00303,O75822
O00303,Q99613
O00303,Q9UBQ5
O00303,O15371
Q9UBQ5,Q14152
Q9UBQ5,O15372
Q9UBQ5,O75822
Q9UBQ5,O15371
Q9UBQ5,Q99613
O15371,Q14152
O15371,O15372
O15371,Q99613
O15372,Q14152
O15372,Q99613
O15372,O75822
Q9UBV2,Q13438
Q9UBV2,Q9Y385
O94907,Q96MU8
O94992,Q4G0J3
O94992,Q9NR30
Q99613,Q14152
Q99613,O75822
Q96LI5,Q9UIV1
Q4G0J3,Q9NR30
Q4G0J3,O60885
Q86SZ2,O43617
O43617,O75865
O43617,Q9Y2L5
O43617,P48553
O43617,Q7Z392
O43617,Q8WVT3
O43617,Q9Y296
O43617,Q9Y5R8
Q9H8V3,Q9H0H5
Q9H8V3,Q02241
O15144,P61158
O15144,P61160
O15144,O15511
O15144,O15145
O15144,P59998
O15144,O15143
O15144,O00401
P61158,O15143
P61158,O00401
P61158,O15511
P61160,O15143
P61160,O15511
O15511,O15143
O15511,O15145
O15511,P59998
O15145,O15143
P59998,O15143
Q96A65,Q9NV70
Q9NV70,Q96KP1
P19387,O15514
P19387,P52435
P19387,Q9Y5B0
P19387,Q9BQA1
P19387,P30876
P19387,Q8N201
P19387,Q7KZ85
P19387,Q9H0H0
P19387,Q9UL03
P19387,O43143
P19387,Q9NVR2
P19387,Q9H3P2
P19387,Q8WX92
P19387,Q96CB8
P19387,P18615
P19387,Q6P2C8
P19387,Q8IXH7
P49023,P13612
Q9BQA1,Q9UMN6
Q13155,P07814
Q13155,Q15046
Q99523,P28799
O43633,Q9Y3E7
P07814,Q15046
P07814,O60506
Q15022,O75530
Q15022,Q6ZN18
Q15022,Q09028
Q14686,Q9UMN6
Q14686,Q8NEZ4
Q14686,O15550
Q14686,Q6ZW49
Q14686,Q9C005
Q9UMN6,Q9C005
Q9UMN6,O75475
Q9UMN6,P51610
Q9UMN6,P52597
Q8NEZ4,Q6P1J9
Q9C005,Q12830
Q9C005,O60264
Q9C005,P28370
Q9C005,O94776
Q9C005,Q8IXM2
Q9C005,P51610
Q9C005,Q9P0U4
Q9C005,Q09028
Q14781,P84243
P84243,O00257
O95639,Q6P1J9
Q6P1J9,P33240
Q6P1J9,Q10570
Q6P1J9,Q6PD62
Q6P1J9,Q92797
Q6P1J9,Q8WVC0
Q6P1J9,Q9P2I0
Q6P1J9,Q8N7H5
Q6P1J9,Q9UKF6
Q6P1J9,Q12996
Q6P1J9,Q6UN15
Q6P1J9,Q9GZS3
Q6P1J9,Q9NYV4
Q6P1J9,O60885
Q6P1J9,P42568
O15269,O15270
O15269,Q9NUV7
O15269,Q969W0
O15269,Q8NFR3
P62753,Q9H0U6
P62753,P60866
Q7Z4H7,O94927
Q7Z4H7,Q99871
Q7Z4H7,Q68CZ6
Q7Z4H7,Q9BT25
Q7Z4H7,Q96CS2
Q7Z4H7,Q9NVX0
Q7Z4H7,P16989
Q92797,Q9P2I0
Q92797,Q9NP77
Q92797,P51003
Q9P2I0,P51003
Q8N7H5,Q9NYV4
Q9UKF6,P51003
O60885,Q14839
O60885,A6H8Y1
Q86WV6,P60468
Q12873,Q13263
Q96D31,P48995
P49281,Q9BT67
P49281,Q96PU5
P02751,P21980
Q96PU5,O15105
Q15287,Q9H307
Q15287,O00422
Q15287,Q9UKV3
Q9H307,O00422
Q9UQM7,Q13557
Q14152,O75822
P49450,Q8NCD3
P49450,Q09028
P49450,P17844
P49450,Q8WWI1
Q8NCD3,Q09028
Q15154,Q96R06
Q15154,Q9UPN4
P42568,P51825
P42568,Q6W2J9
Q6IAA8,Q9Y2Q5
O15105,Q9HCE7
Q15797,P17844
P62136,Q99459
O94776,Q8WXI9
Q09028,O75530
Q7L5N1,Q99627
Q7L5N1,Q9UBW8
Q7L5N1,Q9UNS2
Q7L5N1,Q13098
Q7L5N1,P61201
Q7L5N1,Q9BT78
Q7L5N1,Q92905
Q99627,Q92905
Q99627,Q9UNS2
Q99627,Q13098
Q99627,P61201
Q99627,Q9BT78
Q99627,Q9UBW8
Q9UBW8,Q92905
Q9UBW8,Q9UNS2
Q9UNS2,Q92905
Q9UNS2,P61201
Q9UNS2,Q13098
Q9UNS2,Q9BT78
Q13098,Q92905
P61201,Q92905
Q9BT78,Q92905
Q8TAF3,O94782
Q9UJX5,Q9UJX4
Q9UJX5,Q9UJX2
Q9UJX5,Q9H1A4
Q9UJX5,Q9UM13
Q9UJX5,Q9UJX3
Q9Y2Q5,P61421
Q9Y2Q5,Q0VGL1
Q9Y2Q5,O43504
Q9Y2Q5,P21281
P11388,Q08050
O75530,Q6ZN18
O75530,P63244
Q9HCE1,Q9NZI8
Q9HCE1,Q06587
Q13263,Q9UPN9
Q13148,P22626
P60880,O14810
O43809,Q16630
P38159,P62995
P62995,Q13242
P20700,P02545
P20700,Q9UID3
Q96EP0,Q9BYM8
Q96EP0,Q9H0F6
Q9BYM8,Q9H0F6
Q01105,Q08722
Q8WUA4,Q9Y5Q8
Q8WUA4,Q12789
P40763,P49368
P17987,Q9NPJ1
P17987,Q6ZW61
P17987,Q8IWZ6
Q9H9F9,Q9ULG1
P13612,Q8IZP0
P52815,Q92552
P52815,Q7Z7H8
P52815,Q9BZE1
P52815,Q9BRJ2
P52815,P82664
Q15047,Q9H9B1
Q15047,Q9UK61
Q15047,Q99549
P60484,Q12959
P60484,P52732
Q2NKJ3,Q86WV5
Q2NKJ3,Q9H668
Q86WV5,Q9H668
O00422,Q9UKV3
Q6W2J9,Q9BSM1
Q676U5,Q8TDY2
Q2VPB7,Q9H0R1
Q2VPB7,Q9NUS5
Q9H0R1,Q9NUS5
Q15046,P08865
Q8TAM1,Q6ZW61
Q8TAM1,Q8IWZ6
Q8TAM1,Q3SYG4
Q8TAM1,Q9NPJ1
Q6ZW61,Q9NPJ1
Q6ZW61,Q8NFJ9
Q6ZW61,Q9BXC9
Q6ZW61,Q96RK4
Q6ZW61,Q8IWZ6
Q6ZW61,Q3SYG4
Q6ZW61,P49368
Q6ZW61,P48643
Q6ZW61,P78371
Q6ZW61,P50991
Q6ZW61,P50990
Q9BXC9,Q9NPJ1
Q9BXC9,Q8IWZ6
Q9BXC9,Q8N3I7
Q9BXC9,Q3SYG4
Q9NPJ1,Q8IWZ6
Q9NPJ1,P49368
Q9NPJ1,P48643
Q9NPJ1,P78371
Q9NPJ1,P50991
Q9NPJ1,P50990
Q8IWZ6,Q8N3I7
Q8IWZ6,Q3SYG4
Q8IWZ6,P78371
Q8IWZ6,P49368
Q8IWZ6,P50991
Q8IWZ6,Q8NFJ9
Q8IWZ6,Q96RK4
Q8IWZ6,Q8TAM2
Q8NFJ9,Q8N3I7
Q8NFJ9,Q3SYG4
Q3SYG4,Q8N3I7
Q3SYG4,Q96RK4
P84090,Q9H0U6
Q96RK4,Q8N3I7
Q8N3I7,Q8TAM2
Q9H0U6,P60866
Q9H0U6,P46777
Q9H0U6,P23396
P22626,P14866
Q13131,O75385
Q8TDY2,O75385
Q9BTP7,Q8IYD8
O75379,Q9UID3
O75379,O43752
O75379,Q96JG6
Q9UID3,O43752
Q9UID3,Q8N1B4
Q9UID3,Q96AJ9
Q9UID3,Q96JG6
Q9UID3,Q5VIR6
Q9UID3,Q9P1Q0
O43752,Q96JG6
Q8N1B4,Q96JG6
Q8N1B4,Q5VIR6
Q8N1B4,Q9P1Q0
Q12830,O60264
Q96AJ9,Q96JG6
O75143,Q9BSB4
O75143,O75385
Q9BSB4,O75385
O75385,P42858
O75385,Q9Y478
O75385,P54619
P56192,O43324
O15270,Q969W0
O15270,Q8NFR3
Q9NUV7,Q969W0
Q9NUV7,Q8NFR3
P42858,Q14204
P42858,Q9NPB6
O60716,Q14247
Q96ST3,P51608
Q8IWT6,Q6NSJ5
Q8IWT6,Q6P9F7
Q8IWT6,Q8TDW0
Q8IWT6,Q7L1W4
Q9NR30,Q9H0D6
Q9NR30,Q9Y2X3
Q9NR30,O60832
O60306,Q9ULR0
O60306,Q9HCS7
O60306,Q9UNP9
Q9UNP9,Q15428
Q96JG6,Q5VIR6
Q96JG6,O14662
Q96JG6,Q86Y82
Q96JG6,Q15836
Q5VIR6,Q9P1Q0
Q9UK61,Q99549
Q9UK61,Q8NEY8
Q99549,Q8NEY8
Q6IA86,Q9H9T3
Q9NZU0,Q9HAR2
Q12959,P52732
Q96S15,Q9NXC5
P51608,Q9BZK7
O75140,Q8WTW4
O75140,Q12980
P12277,Q96DX5
